name,native notation,em,pd,yamada,chiralily,page,bonded
"(2,0,1,1)_1","a=V(a1 a0 b0) b=V(a2 b2 b1) ['name'='(2,0,1,1)_1']","a1a0b0,a2b2b1","V[0,0,1],V[1,2,2]",0,False,1,True
"(2,0,1,1)_2","a=V(b0 b2 b1) b=V(a0 a2 a1) ['name'='(2,0,1,1)_2']","b0b2b1,a0a2a1","V[0,1,2],V[0,2,1]",-A**4 - A**3 - 2*A**2 - A - 1,False,2,True
"(4,0,2,1)_1","a=V(a1 a0 b0) b=V(a2 c0 d0) c=V(b1 c2 c1) d=V(b2 d2 d1) ['name'='(4,0,2,1)_1']","a1a0b0,a2c0d0,b1c2c1,b2d2d1","V[0,0,1],V[1,2,3],V[2,4,4],V[3,5,5]",0,False,3,False
"(4,2,1,1)_1","a=V(b0 c0 d3) b=V(a0 d2 c1) c=X(a1 b2 d1 d0) d=X(c3 c2 b1 a2) ['name'='(4,2,1,1)_1']","b0c0d3,a0d2c1,a1b2d1d0,c3c2b1a2","V[0,1,2],V[0,3,4],X[1,4,5,6],X[6,5,3,2]",-A**9 - A**8 - A**7 - A**6 + A**3 + A**2 + A + 1,False,4,True
"(4,0,2,1)_2","a=V(b0 c0 d0) b=V(a0 d2 c1) c=V(a1 b2 d1) d=V(a2 c2 b1) ['name'='(4,0,2,1)_2']","b0c0d0,a0d2c1,a1b2d1,a2c2b1","V[0,1,2],V[0,3,4],V[1,4,5],V[2,5,3]",-A**6 - 2*A**4 - 2*A**2 - 1,False,5,True
"(5,3,1,1)_1","a=V(b0 c0 d3) b=V(a0 d2 e3) c=X(a1 e2 e1 d0) d=X(c3 e0 b1 a2) e=X(d1 c2 c1 b2) ['name'='(5,3,1,1)_1']","b0c0d3,a0d2e3,a1e2e1d0,c3e0b1a2,d1c2c1b2","V[0,1,2],V[0,3,4],X[1,5,6,7],X[7,8,3,2],X[8,6,5,4]",-A**12 - A**11 - A**10 - A**9 - A**8 - A**6 - A**4 + 1,True,6,True
"(6,4,1,1)_1","a=V(b0 c0 d3) b=X(a0 d2 d1 e0) c=X(a1 e2 f3 f2) d=X(f1 b2 b1 a2) e=V(b3 f0 c1) f=X(e1 d0 c3 c2) ['name'='(6,4,1,1)_1']","b0c0d3,a0d2d1e0,a1e2f3f2,f1b2b1a2,b3f0c1,e1d0c3c2","V[0,1,2],X[0,3,4,5],X[1,6,7,8],X[9,4,3,2],V[5,10,6],X[10,9,8,7]",-A**14 - A**13 - A**11 + A**9 + A**8 + 2*A**7 + A**6 + A**5 - A**3 - A - 1,False,7,True
"(6,4,1,2)_1","a=V(b0 c0 d3) b=V(a0 e0 f3) c=X(a1 f2 d1 d0) d=X(c3 c2 e1 a2) e=X(b1 d2 f1 f0) f=X(e3 e2 c1 b2) ['name'='(6,4,1,2)_1']","b0c0d3,a0e0f3,a1f2d1d0,c3c2e1a2,b1d2f1f0,e3e2c1b2","V[0,1,2],V[0,3,4],X[1,5,6,7],X[7,6,8,2],X[3,8,9,10],X[10,9,5,4]",-A**14 - A**13 - A**11 + A**9 + A**8 + 2*A**7 + A**6 + A**5 - A**3 - A - 1,False,8,True
"(6,4,1,1)_2","a=V(b0 c0 d3) b=V(a0 d2 c1) c=X(a1 b2 e3 f0) d=X(f3 e0 b1 a2) e=X(d1 f2 f1 c2) f=X(c3 e2 e1 d0) ['name'='(6,4,1,1)_2']","b0c0d3,a0d2c1,a1b2e3f0,f3e0b1a2,d1f2f1c2,c3e2e1d0","V[0,1,2],V[0,3,4],X[1,4,5,6],X[7,8,3,2],X[8,9,10,5],X[6,10,9,7]",A**15 + A**12 + A**9 + A**7 + A**5 + A**4 + A**2 - 1,True,9,True
"(6,4,1,2)_2","a=V(b0 c0 d3) b=V(a0 e0 f3) c=X(a1 f2 f1 d0) d=X(c3 e2 e1 a2) e=X(b1 d2 d1 f0) f=X(e3 c2 c1 b2) ['name'='(6,4,1,2)_2']","b0c0d3,a0e0f3,a1f2f1d0,c3e2e1a2,b1d2d1f0,e3c2c1b2","V[0,1,2],V[0,3,4],X[1,5,6,7],X[7,8,9,2],X[3,9,8,10],X[10,6,5,4]",A**14 + A**13 + A**12 + A**11 + 2*A**10 + A**9 + 2*A**8 + 2*A**7 + A**6 + A**5 + A**3 + A**2 + A + 2,True,10,True
"(6,4,1,1)_3","a=V(b0 c0 d3) b=V(a0 d2 e3) c=X(a1 f0 f3 d0) d=X(c3 e0 b1 a2) e=X(d1 f2 f1 b2) f=X(c1 e2 e1 c2) ['name'='(6,4,1,1)_3']","b0c0d3,a0d2e3,a1f0f3d0,c3e0b1a2,d1f2f1b2,c1e2e1c2","V[0,1,2],V[0,3,4],X[1,5,6,7],X[7,8,3,2],X[8,9,10,4],X[5,10,9,6]",-A**15 - A**14 - A**13 - A**12 - A**11 + A**7 + A**5 + A**3 + A**2 + 1,True,11,True
"(6,2,2,1)_1","a=V(b0 c0 d0) b=V(a0 d2 e0) c=V(a1 e3 f0) d=V(a2 f3 b1) e=X(b2 f2 f1 c1) f=X(c2 e2 e1 d1) ['name'='(6,2,2,1)_1']","b0c0d0,a0d2e0,a1e3f0,a2f3b1,b2f2f1c1,c2e2e1d1","V[0,1,2],V[0,3,4],V[1,5,6],V[2,7,3],X[4,8,9,5],X[6,9,8,7]",-A**11 - A**9 - A**8 - A**6 + A**5 + A**3 + A**2 + 1,False,12,True
"(6,2,2,1)_2","a=V(b0 c0 d0) b=V(a0 d3 e0) c=V(a1 e2 f3) d=X(a2 f2 f1 b1) e=V(b2 f0 c1) f=X(e1 d2 d1 c2) ['name'='(6,2,2,1)_2']","b0c0d0,a0d3e0,a1e2f3,a2f2f1b1,b2f0c1,e1d2d1c2","V[0,1,2],V[0,3,4],V[1,5,6],X[2,7,8,3],V[4,9,5],X[9,8,7,6]",A**10 + A**9 + A**8 + 2*A**7 + 2*A**5 + 2*A**3 + A**2 + A + 1,False,13,True
"(6,0,3,1)_1","a=V(b0 c0 d0) b=V(a0 d2 e0) c=V(a1 e2 f0) d=V(a2 f2 b1) e=V(b2 f1 c1) f=V(c2 e1 d1) ['name'='(6,0,3,1)_1']","b0c0d0,a0d2e0,a1e2f0,a2f2b1,b2f1c1,c2e1d1","V[0,1,2],V[0,3,4],V[1,5,6],V[2,7,3],V[4,8,5],V[6,8,7]",-A**8 + A**7 - 3*A**6 + 2*A**5 - 4*A**4 + 2*A**3 - 3*A**2 + A - 1,False,14,True
"(7,5,1,1)_1","a=V(b0 c0 d3) b=X(a0 d2 d1 e0) c=X(a1 e2 f3 f2) d=X(g3 b2 b1 a2) e=V(b3 g2 c1) f=X(g1 g0 c3 c2) g=X(f1 f0 e1 d0) ['name'='(7,5,1,1)_1']","b0c0d3,a0d2d1e0,a1e2f3f2,g3b2b1a2,b3g2c1,g1g0c3c2,f1f0e1d0","V[0,1,2],X[0,3,4,5],X[1,6,7,8],X[9,4,3,2],V[5,10,6],X[11,12,8,7],X[12,11,10,9]",A**17 - A**15 + A**14 - A**13 - A**12 - A**10 - A**8 - A**5 + A**4 + A**3 + A + 1,True,15,True
"(7,5,1,1)_2","a=V(b0 c0 d3) b=V(a0 e0 f3) c=X(a1 f2 d1 d0) d=X(c3 c2 e1 a2) e=X(b1 d2 g3 g2) f=X(g1 g0 c1 b2) g=X(f1 f0 e3 e2) ['name'='(7,5,1,1)_2']","b0c0d3,a0e0f3,a1f2d1d0,c3c2e1a2,b1d2g3g2,g1g0c1b2,f1f0e3e2","V[0,1,2],V[0,3,4],X[1,5,6,7],X[7,6,8,2],X[3,8,9,10],X[11,12,5,4],X[12,11,10,9]",A**17 - A**15 + A**14 - A**13 - A**12 - A**10 - A**8 - A**5 + A**4 + A**3 + A + 1,True,16,True
"(7,5,1,1)_3","a=V(b0 c0 d3) b=X(a0 d2 e3 f0) c=X(a1 f2 g3 g2) d=X(g1 e0 b1 a2) e=X(d1 g0 f1 b2) f=V(b3 e2 c1) g=X(e1 d0 c3 c2) ['name'='(7,5,1,1)_3']","b0c0d3,a0d2e3f0,a1f2g3g2,g1e0b1a2,d1g0f1b2,b3e2c1,e1d0c3c2","V[0,1,2],X[0,3,4,5],X[1,6,7,8],X[9,10,3,2],X[10,11,12,4],V[5,12,6],X[11,9,8,7]",A**17 - A**16 - 2*A**15 + A**14 - A**13 + 2*A**11 + A**10 + 2*A**9 + A**7 - A**5 + A**4 + A**3 - A**2 + A + 1,True,17,True
"(7,5,1,1)_4","a=V(b0 c0 d3) b=X(a0 e0 e3 c1) c=V(a1 b3 d0) d=X(c2 f0 f3 a2) e=X(b1 g0 g3 b2) f=X(d1 g2 g1 d2) g=X(e1 f2 f1 e2) ['name'='(7,5,1,1)_4']","b0c0d3,a0e0e3c1,a1b3d0,c2f0f3a2,b1g0g3b2,d1g2g1d2,e1f2f1e2","V[0,1,2],X[0,3,4,5],V[1,5,6],X[6,7,8,2],X[3,9,10,4],X[7,11,12,8],X[9,12,11,10]",-A**18 - A**17 - A**16 - A**15 - A**14 - A**8 - A**6 - A**4 + A**2 + 1,True,18,True
"(7,5,1,2)_1","a=V(b0 c0 d3) b=V(a0 e0 f3) c=X(a1 f2 g3 d0) d=X(c3 g2 e1 a2) e=X(b1 d2 g1 f0) f=X(e3 g0 c1 b2) g=X(f1 e2 d1 c2) ['name'='(7,5,1,2)_1']","b0c0d3,a0e0f3,a1f2g3d0,c3g2e1a2,b1d2g1f0,e3g0c1b2,f1e2d1c2","V[0,1,2],V[0,3,4],X[1,5,6,7],X[7,8,9,2],X[3,9,10,11],X[11,12,5,4],X[12,10,8,6]",-A**17 + 2*A**15 + 3*A**12 + A**11 + 2*A**10 + 3*A**9 + 2*A**8 + 2*A**7 + A**6 + 2*A**5 + 2*A**4 - A**3 + 2*A**2 - 2,True,19,True
"(7,5,1,1)_5","a=V(b0 c0 d3) b=X(a0 d2 e3 e2) c=V(a1 e1 f0) d=X(g3 g2 b1 a2) e=X(f1 c1 b3 b2) f=X(c2 e0 g1 g0) g=X(f3 f2 d1 d0) ['name'='(7,5,1,1)_5']","b0c0d3,a0d2e3e2,a1e1f0,g3g2b1a2,f1c1b3b2,c2e0g1g0,f3f2d1d0","V[0,1,2],X[0,3,4,5],V[1,6,7],X[8,9,3,2],X[10,6,5,4],X[7,10,11,12],X[12,11,9,8]",-A**17 + A**16 + A**13 + A**11 + A**9 - A**7 - A**6 - A**5 - 2*A**4 - A**3 - A**2 - A - 1,True,20,True
"(7,5,1,1)_6","a=V(b0 c0 d3) b=V(a0 d2 e3) c=X(a1 f0 f3 g0) d=X(g3 g2 b1 a2) e=X(g1 f2 f1 b2) f=X(c1 e2 e1 c2) g=X(c3 e0 d1 d0) ['name'='(7,5,1,1)_6']","b0c0d3,a0d2e3,a1f0f3g0,g3g2b1a2,g1f2f1b2,c1e2e1c2,c3e0d1d0","V[0,1,2],V[0,3,4],X[1,5,6,7],X[8,9,3,2],X[10,11,12,4],X[5,12,11,6],X[7,10,9,8]",A**18 + A**15 - A**13 - A**11 - 2*A**10 - A**8 + A**7 - A**6 - 2*A**3 - 1,True,21,True
"(7,3,2,1)_1","a=V(b0 c0 d0) b=V(a0 e0 f3) c=V(a1 f2 g3) d=V(a2 g2 e1) e=X(b1 d2 g1 f0) f=X(e3 g0 c1 b2) g=X(f1 e2 d1 c2) ['name'='(7,3,2,1)_1']","b0c0d0,a0e0f3,a1f2g3,a2g2e1,b1d2g1f0,e3g0c1b2,f1e2d1c2","V[0,1,2],V[0,3,4],V[1,5,6],V[2,7,8],X[3,8,9,10],X[10,11,5,4],X[11,9,7,6]",A**13 - A**9 - 3*A**8 - A**7 - 4*A**6 - 2*A**4 + A**3 + A**2 + 2,True,22,True
"(7,3,2,1)_2","a=V(b0 c0 d0) b=V(a0 d3 e0) c=V(a1 f0 g3) d=X(a2 g2 e1 b1) e=X(b2 d2 g1 f1) f=V(c1 e3 g0) g=X(f2 e2 d1 c2) ['name'='(7,3,2,1)_2']","b0c0d0,a0d3e0,a1f0g3,a2g2e1b1,b2d2g1f1,c1e3g0,f2e2d1c2","V[0,1,2],V[0,3,4],V[1,5,6],X[2,7,8,3],X[4,8,9,10],V[5,10,11],X[11,9,7,6]",-A**13 - A**11 - A**10 + A**9 - A**8 + 2*A**7 - A**6 + A**5 - A**4 - A**3 - A**2 - A - 1,True,23,True
"(7,5,1,1)_7","a=V(b0 c0 d3) b=V(a0 d2 c1) c=X(a1 b2 e3 e2) d=X(f3 g0 b1 a2) e=X(g3 f0 c3 c2) f=X(e1 g2 g1 d0) g=X(d1 f2 f1 e0) ['name'='(7,5,1,1)_7']","b0c0d3,a0d2c1,a1b2e3e2,f3g0b1a2,g3f0c3c2,e1g2g1d0,d1f2f1e0","V[0,1,2],V[0,3,4],X[1,4,5,6],X[7,8,3,2],X[9,10,6,5],X[10,11,12,7],X[8,12,11,9]",-A**18 - A**16 - 2*A**15 - A**13 - 2*A**12 - A**10 + A**9 + A**7 + A**6 - A**5 - A**2 + 1,True,24,True
"(7,5,1,1)_8","a=V(b0 c0 d3) b=X(a0 d2 e3 e2) c=V(a1 e1 f0) d=X(f3 g0 b1 a2) e=X(g3 c1 b3 b2) f=X(c2 g2 g1 d0) g=X(d1 f2 f1 e0) ['name'='(7,5,1,1)_8']","b0c0d3,a0d2e3e2,a1e1f0,f3g0b1a2,g3c1b3b2,c2g2g1d0,d1f2f1e0","V[0,1,2],X[0,3,4,5],V[1,6,7],X[8,9,3,2],X[10,6,5,4],X[7,11,12,8],X[9,12,11,10]",2*A**17 + A**16 + 2*A**14 + A**13 + 2*A**11 + A**9 - A**8 - 2*A**5 - A**2 + 1,True,25,True
"(7,5,1,1)_9","a=V(b0 c0 d3) b=V(a0 d2 e3) c=X(a1 e2 f3 g0) d=X(g3 e0 b1 a2) e=X(d1 f0 c1 b2) f=X(e1 g2 g1 c2) g=X(c3 f2 f1 d0) ['name'='(7,5,1,1)_9']","b0c0d3,a0d2e3,a1e2f3g0,g3e0b1a2,d1f0c1b2,e1g2g1c2,c3f2f1d0","V[0,1,2],V[0,3,4],X[1,5,6,7],X[8,9,3,2],X[9,10,5,4],X[10,11,12,6],X[7,12,11,8]",A**18 - A**16 + A**15 - A**13 + A**12 - A**10 - A**8 - A**6 + 2*A**4 - A**3 + A**2 + A - 1,True,26,True
"(7,5,1,1)_10","a=V(b0 c0 d3) b=X(a0 d2 e3 f0) c=X(a1 g0 g3 d0) d=X(c3 e0 b1 a2) e=X(d1 g2 f1 b2) f=V(b3 e2 g1) g=X(c1 f2 e1 c2) ['name'='(7,5,1,1)_10']","b0c0d3,a0d2e3f0,a1g0g3d0,c3e0b1a2,d1g2f1b2,b3e2g1,c1f2e1c2","V[0,1,2],X[0,3,4,5],X[1,6,7,8],X[8,9,3,2],X[9,10,11,4],V[5,11,12],X[6,12,10,7]",A**16 + A**15 - 2*A**11 - 2*A**10 - A**9 - 2*A**8 - A**6 + A**5 + A**2 - A - 1,True,27,True
"(7,3,2,1)_3","a=V(b0 c0 d0) b=V(a0 d3 e0) c=V(a1 e2 f3) d=X(a2 f2 g3 b1) e=V(b2 g2 c1) f=X(g1 g0 d1 c2) g=X(f1 f0 e1 d2) ['name'='(7,3,2,1)_3']","b0c0d0,a0d3e0,a1e2f3,a2f2g3b1,b2g2c1,g1g0d1c2,f1f0e1d2","V[0,1,2],V[0,3,4],V[1,5,6],X[2,7,8,3],V[4,9,5],X[10,11,7,6],X[11,10,9,8]",-A**13 + A**12 + A**9 - 2*A**8 - 3*A**6 - A**5 - 2*A**4 - 2*A**3 - A**2 - A - 1,True,28,True
"(7,5,1,2)_2","a=V(b0 c0 d3) b=V(a0 d2 e3) c=X(a1 e2 e1 f0) d=X(f3 g0 b1 a2) e=X(g3 c2 c1 b2) f=X(c3 g2 g1 d0) g=X(d1 f2 f1 e0) ['name'='(7,5,1,2)_2']","b0c0d3,a0d2e3,a1e2e1f0,f3g0b1a2,g3c2c1b2,c3g2g1d0,d1f2f1e0","V[0,1,2],V[0,3,4],X[1,5,6,7],X[8,9,3,2],X[10,6,5,4],X[7,11,12,8],X[9,12,11,10]",A**18 + 2*A**15 + A**14 + 3*A**12 + 2*A**11 + 2*A**10 + 3*A**9 + 2*A**8 + 2*A**7 + A**4 - 2*A**3 + A**2 + A - 1,True,29,True
"(7,3,2,1)_4","a=V(b0 c0 d0) b=V(a0 d2 e0) c=V(a1 e3 f0) d=V(a2 f3 b1) e=X(b2 g0 g3 c1) f=X(c2 g2 g1 d1) g=X(e1 f2 f1 e2) ['name'='(7,3,2,1)_4']","b0c0d0,a0d2e0,a1e3f0,a2f3b1,b2g0g3c1,c2g2g1d1,e1f2f1e2","V[0,1,2],V[0,3,4],V[1,5,6],V[2,7,3],X[4,8,9,5],X[6,10,11,7],X[8,11,10,9]",-A**14 - A**12 - A**11 - A**10 - 2*A**8 + A**7 - 2*A**6 + A**5 - A**4 + A**2 - A + 1,True,30,True
"(7,1,3,1)_1","a=V(b0 c0 d0) b=V(a0 d3 e0) c=V(a1 e2 f0) d=X(a2 f2 g0 b1) e=V(b2 g2 c1) f=V(c2 g1 d1) g=V(d2 f1 e1) ['name'='(7,1,3,1)_1']","b0c0d0,a0d3e0,a1e2f0,a2f2g0b1,b2g2c1,c2g1d1,d2f1e1","V[0,1,2],V[0,3,4],V[1,5,6],X[2,7,8,3],V[4,9,5],V[6,10,7],V[8,10,9]",2*A**7 - A**6 + 4*A**5 - 3*A**4 + 3*A**3 - 4*A**2 + A - 2,False,31,True
